Loan_ID,Sector,Principal,Initial_PD,Current_PD,Maturity_Years,EIR,LGD,Stage,ECL
LOAN00001,Sovereign,10788.0,0.0252,0.1153,9,0.0135,0.45,2,3160.09
LOAN00002,Mortgage,6227.0,0.0013,0.0058,9,0.0268,0.45,2,136.46
LOAN00003,Mortgage,292932.0,0.0156,0.037,3,0.0186,0.45,1,5316.28
LOAN00004,SME,10129.0,0.0091,0.0067,8,0.0314,0.45,1,33.29
LOAN00005,Mortgage,8617.0,0.0037,0.0058,2,0.0118,0.45,1,24.52
LOAN00006,Corporate,1042737.0,0.0276,0.0385,6,0.0184,0.45,1,19691.31
LOAN00007,SME,637427.0,0.0141,0.026,8,0.0252,0.45,1,8129.11
LOAN00008,Sovereign,580037.0,0.0029,0.0078,2,0.0184,0.45,1,2219.16
LOAN00009,Consumer,2128496.0,0.0069,0.0209,5,0.0156,0.45,2,99317.88
LOAN00010,Sovereign,241587.0,0.0031,0.9637,3,0.0304,0.45,3,104838.43
LOAN00011,Retail,925372.0,0.0359,0.1357,7,0.0253,0.45,2,253340.89
LOAN00012,Mortgage,193336.0,0.0001,0.0002,6,0.0145,0.45,1,18.97
LOAN00013,Mortgage,14908.0,0.0001,0.0005,9,0.0465,0.45,2,26.34
LOAN00014,Sovereign,39292.0,0.0025,0.0085,1,0.034,0.45,2,158.43
LOAN00015,Mortgage,5720.0,0.0396,0.226,2,0.0393,0.45,2,1042.92
LOAN00016,Retail,4294607.0,0.0102,0.0144,9,0.0449,0.45,1,30333.67
LOAN00017,Mortgage,3908937.0,0.0305,0.0822,6,0.0275,0.45,1,157604.82
LOAN00018,Consumer,113091.0,0.011,0.0411,1,0.0128,0.45,2,2251.05
LOAN00019,Sovereign,7509.0,0.0011,0.0022,8,0.0186,0.45,1,8.1
LOAN00020,Corporate,739652.0,0.0354,0.097,2,0.0139,0.45,1,35191.53
LOAN00021,Mortgage,57791.0,0.0006,0.0027,2,0.0199,0.45,2,148.39
LOAN00022,Corporate,203154.0,0.0024,0.0022,9,0.0139,0.45,1,219.22
LOAN00023,Sovereign,4975278.0,0.0471,0.0789,7,0.0461,0.45,1,192545.5
LOAN00024,Corporate,68531.0,0.0435,0.123,9,0.0365,0.45,1,4134.58
LOAN00025,Mortgage,14566.0,0.0163,0.0846,3,0.0123,0.45,2,1602.99
LOAN00026,Consumer,8695.0,0.0028,0.0032,10,0.0198,0.45,1,13.65
LOAN00027,Consumer,6579.0,0.0011,0.0021,6,0.0195,0.45,1,6.78
LOAN00028,Mortgage,12348.0,0.0001,0.0003,9,0.0206,0.45,1,1.82
LOAN00029,SME,2195647.0,0.0387,0.1691,10,0.0494,0.45,2,701909.06
LOAN00030,Sovereign,193104.0,0.024,0.0325,5,0.0342,0.45,1,3078.32
LOAN00031,Sovereign,53408.0,0.0099,0.0074,6,0.0408,0.45,1,193.85
LOAN00032,Sovereign,4348744.0,0.0023,0.0026,3,0.0318,0.45,1,5545.95
LOAN00033,SME,279575.0,0.003,0.0146,1,0.046,0.45,2,1914.07
LOAN00034,Corporate,556121.0,0.0146,0.0855,3,0.047,0.45,2,57931.49
LOAN00035,Corporate,1962398.0,0.0231,0.1298,4,0.0207,0.45,2,380012.33
LOAN00036,Sovereign,10550.0,0.0347,0.1052,5,0.0428,0.45,2,1908.12
LOAN00037,Corporate,23320.0,0.0185,0.0879,6,0.0357,0.45,2,4206.46
LOAN00038,Mortgage,546417.0,0.0475,0.092,10,0.0485,0.45,1,24657.61
LOAN00039,SME,6512.0,0.0102,0.0603,2,0.0254,0.45,2,358.18
LOAN00040,Consumer,18586.0,0.0006,0.0026,4,0.0246,0.45,2,88.86
LOAN00041,Retail,3512315.0,0.0299,0.163,9,0.0224,0.45,2,1180238.5
LOAN00042,Mortgage,47590.0,0.0038,0.0055,10,0.022,0.45,1,128.39
LOAN00043,Consumer,1585424.0,0.0045,0.0102,8,0.0277,0.45,1,7932.04
LOAN00044,Corporate,170801.0,0.016,0.033,10,0.0234,0.45,1,2764.67
LOAN00045,Corporate,521623.0,0.0043,0.0039,7,0.0454,0.45,1,997.84
LOAN00046,Consumer,19154.0,0.0144,0.0682,2,0.0411,0.45,2,1159.73
LOAN00047,Corporate,16851.0,0.0691,0.357,8,0.0153,0.45,2,7070.18
LOAN00048,Mortgage,503156.0,0.0333,0.1289,9,0.0271,0.45,2,148560.28
LOAN00049,Consumer,108820.0,0.0029,0.0148,5,0.0406,0.45,2,3396.94
LOAN00050,Consumer,142154.0,0.0037,0.0087,9,0.0132,0.45,1,606.62
LOAN00051,Corporate,24703.0,0.0009,0.0015,7,0.0256,0.45,1,18.17
LOAN00052,Consumer,3444737.0,0.0002,0.0011,5,0.0401,0.45,2,8251.57
LOAN00053,Mortgage,205888.0,0.0368,0.0971,7,0.039,0.45,1,9805.94
LOAN00054,Mortgage,2868103.0,0.0341,0.1414,2,0.0357,0.45,2,347030.48
LOAN00055,Corporate,1993076.0,0.0038,0.009,7,0.0211,0.45,1,8798.44
LOAN00056,Mortgage,28561.0,0.0012,0.0029,2,0.0412,0.45,1,40.63
LOAN00057,Sovereign,6603.0,0.0002,0.0004,8,0.0368,0.45,1,1.29
LOAN00058,Consumer,3485307.0,0.0113,0.0655,2,0.0411,0.45,2,202997.65
LOAN00059,Corporate,3918612.0,0.002,0.0115,7,0.0477,0.45,2,124232.71
LOAN00060,Corporate,8451.0,0.0011,0.0013,10,0.0413,0.45,1,5.39
LOAN00061,SME,198246.0,0.0134,0.0377,8,0.0142,0.45,1,3665.93
LOAN00062,SME,403390.0,0.024,0.1394,5,0.0346,0.45,2,91683.04
LOAN00063,Consumer,1054130.0,0.017,0.0346,8,0.0198,0.45,1,17889.95
LOAN00064,Mortgage,256164.0,0.0155,0.0493,6,0.0419,0.45,2,28202.92
LOAN00065,SME,34510.0,0.0037,0.0067,8,0.0358,0.45,1,113.41
LOAN00066,Mortgage,110533.0,0.0002,0.0008,6,0.0289,0.45,2,235.29
LOAN00067,Consumer,53733.0,0.075,0.164,4,0.0148,0.45,1,4322.39
LOAN00068,Corporate,44219.0,0.0128,0.0479,9,0.0339,0.45,2,6477.9
LOAN00069,Retail,1573457.0,0.0071,0.0085,1,0.049,0.45,1,6560.14
LOAN00070,Consumer,37616.0,0.0314,0.0178,5,0.0288,0.45,1,328.42
LOAN00071,Mortgage,52612.0,0.0694,0.2549,1,0.0161,0.45,2,6473.77
LOAN00072,Consumer,3518413.0,0.0012,0.0045,10,0.019,0.45,2,68554.59
LOAN00073,Consumer,69199.0,0.0299,0.6063,1,0.0344,0.45,3,19894.72
LOAN00074,Sovereign,9923.0,0.0066,0.009,7,0.028,0.45,1,43.8
LOAN00075,Consumer,128442.0,0.0005,0.0004,4,0.047,0.45,1,25.2
LOAN00076,Sovereign,293994.0,0.031,0.0409,5,0.0431,0.45,1,5897.95
LOAN00077,Retail,7548.0,0.0142,0.0414,8,0.0375,0.45,1,153.28
LOAN00078,Sovereign,80629.0,0.0056,0.0302,6,0.0341,0.45,2,5870.32
LOAN00079,Retail,9396.0,0.0955,0.445,8,0.0308,0.45,2,3923.35
LOAN00080,Mortgage,2800195.0,0.0028,0.0028,6,0.0263,0.45,1,3845.79
LOAN00081,SME,512118.0,0.0217,0.1237,9,0.0115,0.45,2,157057.01
LOAN00082,Retail,43905.0,0.0082,0.0126,6,0.0349,0.45,1,271.34
LOAN00083,Mortgage,376007.0,0.0171,0.0498,8,0.0149,0.45,1,9184.69
LOAN00084,Sovereign,335416.0,0.0043,0.0044,2,0.0285,0.45,1,723.89
LOAN00085,Retail,438630.0,0.0062,0.0192,8,0.0321,0.45,2,26699.33
LOAN00086,Mortgage,18655.0,0.0017,0.004,9,0.0207,0.45,1,36.6
LOAN00087,Retail,35276.0,0.0087,0.0209,9,0.0405,0.45,1,361.63
LOAN00088,Mortgage,116145.0,0.0054,0.0096,7,0.0117,0.45,1,546.91
LOAN00089,Sovereign,131189.0,0.0291,0.169,3,0.0301,0.45,2,25240.93
LOAN00090,Consumer,49539.0,0.0026,0.0015,3,0.0264,0.45,1,36.45
LOAN00091,Sovereign,4062939.0,0.0014,0.0038,2,0.0441,0.45,1,7572.91
LOAN00092,Sovereign,1892328.0,0.0064,0.0339,1,0.0347,0.45,2,30410.3
LOAN00093,Corporate,391248.0,0.001,0.0043,1,0.0118,0.45,2,815.58
LOAN00094,Retail,37937.0,0.0076,0.0369,3,0.017,0.45,2,1908.62
LOAN00095,Consumer,2048749.0,0.0146,0.0278,1,0.046,0.45,1,27936.53
LOAN00096,Mortgage,2526959.0,0.0164,0.0612,7,0.0376,0.45,2,376743.64
LOAN00097,Mortgage,1717440.0,0.0037,0.0135,10,0.0218,0.45,2,94625.24
LOAN00098,Sovereign,38429.0,0.0588,0.2512,1,0.0464,0.45,2,4525.01
LOAN00099,Sovereign,154579.0,0.0239,0.0583,4,0.0348,0.45,1,4420.36
LOAN00100,Sovereign,924063.0,0.002,0.0097,1,0.0332,0.45,2,4255.28
LOAN00101,Sovereign,12393.0,0.0344,0.166,6,0.0312,0.45,2,3492.77
LOAN00102,SME,1550200.0,0.0265,0.0338,4,0.0444,0.45,1,25700.61
LOAN00103,Sovereign,527458.0,0.0137,0.0162,6,0.0369,0.45,1,4191.23
LOAN00104,Sovereign,30581.0,0.0089,0.0275,10,0.0454,0.45,2,2862.22
LOAN00105,Consumer,48193.0,0.0039,0.0044,4,0.0455,0.45,1,104.01
LOAN00106,Corporate,73266.0,0.0209,0.1184,5,0.0113,0.45,2,15727.3
LOAN00107,SME,22427.0,0.0108,0.0272,6,0.0124,0.45,1,299.22
LOAN00108,SME,18552.0,0.0021,0.0085,10,0.0488,0.45,2,577.01
LOAN00109,Retail,1146446.0,0.0044,0.0207,4,0.0335,0.45,2,41427.34
LOAN00110,Corporate,48378.0,0.0001,0.0002,3,0.0144,0.45,1,4.74
LOAN00111,Retail,12427.0,0.0165,0.0465,2,0.0398,0.45,1,283.44
LOAN00112,Mortgage,110610.0,0.0078,0.0303,9,0.0221,0.45,2,11627.04
LOAN00113,Sovereign,3899855.0,0.0009,0.0029,8,0.0129,0.45,2,41428.04
LOAN00114,Retail,46270.0,0.0022,0.0097,7,0.0498,0.45,2,1235.2
LOAN00115,Consumer,38340.0,0.0083,0.034,9,0.0388,0.45,2,4135.37
LOAN00116,Corporate,97539.0,0.0213,0.0961,6,0.0271,0.45,2,19310.88
LOAN00117,Sovereign,29083.0,0.0419,0.0406,7,0.0139,0.45,1,579.17
LOAN00118,Sovereign,65601.0,0.0018,0.0095,7,0.0447,0.45,2,1748.08
LOAN00119,Sovereign,7133.0,0.0091,0.0123,8,0.019,0.45,1,43.03
LOAN00120,Retail,56145.0,0.0152,0.0435,9,0.049,0.45,1,1197.95
LOAN00121,Consumer,346489.0,0.0084,0.0166,3,0.0209,0.45,1,2821.22
LOAN00122,SME,2907920.0,0.0106,0.0094,1,0.0137,0.45,1,13407.55
LOAN00123,Consumer,22098.0,0.01,0.0477,10,0.0338,0.45,2,3451.44
LOAN00124,Retail,14645.0,0.0289,0.0818,10,0.0277,0.45,1,587.6
LOAN00125,SME,22165.0,0.0176,0.0662,9,0.0367,0.45,2,4117.89
LOAN00126,Retail,22936.0,0.0669,0.3158,5,0.0216,0.45,2,8452.17
LOAN00127,Retail,5274.0,0.0194,0.0631,6,0.0129,0.45,2,783.9
LOAN00128,Sovereign,6696.0,0.0001,0.0004,7,0.0216,0.45,2,8.44
LOAN00129,Mortgage,5774.0,0.0243,0.0909,9,0.0131,0.45,2,1470.49
LOAN00130,SME,863742.0,0.0072,0.0246,4,0.0462,0.45,2,35776.35
LOAN00131,SME,56528.0,0.0574,0.1095,3,0.0341,0.45,1,3036.11
LOAN00132,Sovereign,8414.0,0.0416,0.1534,10,0.0357,0.45,2,2710.25
LOAN00133,Consumer,46622.0,0.0489,0.6908,5,0.0337,0.45,3,19913.39
LOAN00134,SME,166333.0,0.0115,0.0106,2,0.0346,0.45,1,864.82
LOAN00135,Consumer,71189.0,0.0106,0.0163,10,0.029,0.45,1,569.17
LOAN00136,Corporate,3733679.0,0.0026,0.0155,9,0.0309,0.45,2,205672.02
LOAN00137,Corporate,61753.0,0.0264,0.0208,6,0.0126,0.45,1,630.03
LOAN00138,Retail,235971.0,0.0055,0.021,3,0.0233,0.45,2,6798.84
LOAN00139,Consumer,489560.0,0.0295,0.0357,2,0.0224,0.45,1,8572.61
LOAN00140,Mortgage,426039.0,0.0055,0.0329,9,0.0137,0.45,2,49956.6
LOAN00141,Sovereign,93151.0,0.0104,0.0594,8,0.0177,0.45,2,15978.11
LOAN00142,Corporate,14581.0,0.0089,0.0369,10,0.0152,0.45,2,2025.36
LOAN00143,Mortgage,14512.0,0.0029,0.013,1,0.0264,0.45,2,90.16
LOAN00144,Sovereign,720654.0,0.0378,0.0675,4,0.0224,0.45,1,23859.96
LOAN00145,Mortgage,2575686.0,0.0033,0.0156,7,0.0301,0.45,2,116528.68
LOAN00146,Mortgage,3960722.0,0.0312,0.1256,6,0.0322,0.45,2,934059.27
LOAN00147,Retail,681040.0,0.0189,0.0562,9,0.0159,0.45,1,18773.62
LOAN00148,Mortgage,9421.0,0.0216,0.0601,7,0.0301,0.45,1,277.72
LOAN00149,Corporate,72022.0,0.0014,0.0062,6,0.0417,0.45,2,1122.44
LOAN00150,Corporate,6514.0,0.0245,0.0755,10,0.0102,0.45,2,1582.68
LOAN00151,Retail,5701.0,0.0043,0.0078,2,0.0119,0.45,1,21.81
LOAN00152,Mortgage,412881.0,0.01,0.0345,9,0.033,0.45,2,46244.66
LOAN00153,Sovereign,13480.0,0.0118,0.049,2,0.0309,0.45,2,601.77
LOAN00154,SME,7980.0,0.0128,0.0512,6,0.0201,0.45,2,972.04
LOAN00155,Retail,58918.0,0.0008,0.003,6,0.0153,0.45,2,489.23
LOAN00156,SME,217275.0,0.0165,0.0714,3,0.0425,0.45,2,19370.12
LOAN00157,Retail,703242.0,0.0494,0.2654,6,0.0473,0.45,2,240027.53
LOAN00158,Consumer,78278.0,0.0407,0.0844,1,0.0446,0.45,1,3240.57
LOAN00159,SME,33008.0,0.022,0.1267,6,0.0489,0.45,2,7468.89
LOAN00160,Mortgage,595902.0,0.0055,0.0329,3,0.0318,0.45,2,26105.63
LOAN00161,SME,10156.0,0.007,0.0099,8,0.0241,0.45,1,49.32
LOAN00162,Retail,757553.0,0.0342,0.166,1,0.013,0.45,2,60890.66
LOAN00163,Sovereign,82718.0,0.0019,0.0055,3,0.0127,0.45,1,223.15
LOAN00164,Sovereign,62799.0,0.0073,0.0417,6,0.0278,0.45,2,6240.49
LOAN00165,Retail,263472.0,0.0103,0.0116,3,0.03,0.45,1,1499.1
LOAN00166,Mortgage,2751677.0,0.0015,0.0058,8,0.018,0.45,2,56533.42
LOAN00167,Corporate,1809042.0,0.0081,0.0183,6,0.0384,0.45,1,16238.23
LOAN00168,Consumer,211584.0,0.0248,0.0994,6,0.0304,0.45,2,42527.13
LOAN00169,Retail,4511984.0,0.0197,0.0719,8,0.0421,0.45,2,815446.21
LOAN00170,Consumer,12254.0,0.0311,0.0974,7,0.0408,0.45,2,2571.37
LOAN00171,Consumer,8321.0,0.0491,0.1176,9,0.0356,0.45,1,479.98
LOAN00172,Corporate,1005344.0,0.0014,0.0047,5,0.0166,0.45,2,10915.0
LOAN00173,SME,3185543.0,0.0193,0.1112,5,0.015,0.45,2,646214.71
LOAN00174,SME,348541.0,0.0013,0.0019,10,0.0388,0.45,1,324.82
LOAN00175,Consumer,51502.0,0.0194,0.0379,4,0.0407,0.45,1,957.42
LOAN00176,Mortgage,357515.0,0.0003,0.0006,4,0.0422,0.45,1,105.22
LOAN00177,Sovereign,82650.0,0.0028,0.0036,6,0.0394,0.45,1,145.94
LOAN00178,SME,4217862.0,0.002,0.0061,5,0.028,0.45,2,57332.06
LOAN00179,Corporate,9758.0,0.0051,0.0268,3,0.0425,0.45,2,343.67
LOAN00180,Consumer,728375.0,0.0022,0.0022,7,0.0302,0.45,1,785.99
LOAN00181,Corporate,22100.0,0.0073,0.0299,8,0.0214,0.45,2,2101.36
LOAN00182,Retail,1739751.0,0.0071,0.0252,2,0.0255,0.45,2,40818.88
LOAN00183,Mortgage,982160.0,0.0118,0.0668,3,0.018,0.45,2,86215.89
LOAN00184,Consumer,80007.0,0.0004,0.0013,3,0.0343,0.45,2,142.91
LOAN00185,Consumer,13131.0,0.0391,0.2008,10,0.0235,0.45,2,4879.5
LOAN00186,Consumer,197692.0,0.012,0.0505,7,0.0333,0.45,2,25542.25
LOAN00187,Sovereign,2066651.0,0.0067,0.0211,9,0.0352,0.45,2,148392.13
LOAN00188,Consumer,1053873.0,0.0038,0.0111,7,0.0161,0.45,1,5737.87
LOAN00189,Sovereign,20447.0,0.0788,0.2386,9,0.0237,0.45,2,7824.59
LOAN00190,SME,532814.0,0.0201,0.0636,4,0.0212,0.45,2,56580.68
LOAN00191,SME,23635.0,0.0555,0.2429,6,0.0292,0.45,2,8121.53
LOAN00192,Consumer,3162795.0,0.0296,0.0766,7,0.0427,0.45,1,118833.48
LOAN00193,Corporate,37181.0,0.0065,0.0124,8,0.0186,0.45,1,226.14
LOAN00194,Consumer,32536.0,0.0196,0.0356,1,0.0368,0.45,1,568.14
LOAN00195,Consumer,23767.0,0.0051,0.0217,3,0.0102,0.45,2,725.23
LOAN00196,Consumer,4292419.0,0.0017,0.0069,5,0.0228,0.45,2,66865.7
LOAN00197,Sovereign,7524.0,0.003,0.0021,7,0.0415,0.45,1,7.75
LOAN00198,Corporate,3226979.0,0.0263,0.1553,5,0.0282,0.45,2,802331.57
LOAN00199,Sovereign,213241.0,0.033,0.046,8,0.0359,0.45,1,4811.36
LOAN00200,Sovereign,18095.0,0.03,0.1254,3,0.0493,0.45,2,2628.53
LOAN00201,Mortgage,46749.0,0.0061,0.0351,5,0.0333,0.45,2,3375.35
LOAN00202,Consumer,5410.0,0.001,0.0033,5,0.0376,0.45,2,38.96
LOAN00203,Sovereign,2801309.0,0.0077,0.0103,10,0.0249,0.45,1,14152.63
LOAN00204,Sovereign,222163.0,0.0088,0.0164,10,0.0449,0.45,1,1787.12
LOAN00205,Retail,188577.0,0.0083,0.0134,9,0.016,0.45,1,1239.46
LOAN00206,SME,1829902.0,0.0327,0.1168,5,0.0389,0.45,2,361934.81
LOAN00207,Mortgage,28996.0,0.0001,0.0004,9,0.0498,0.45,2,40.4
LOAN00208,Retail,4543408.0,0.0142,0.0572,7,0.025,0.45,2,670060.55
LOAN00209,Mortgage,110810.0,0.052,0.2761,3,0.0361,0.45,2,30286.27
LOAN00210,SME,11346.0,0.0819,0.417,1,0.0491,0.45,2,2212.08
LOAN00211,Mortgage,524166.0,0.0253,0.1431,2,0.0113,0.45,2,66370.5
LOAN00212,Sovereign,90509.0,0.0001,0.0001,1,0.0261,0.45,1,4.44
LOAN00213,Corporate,208089.0,0.058,0.2066,10,0.0452,0.45,2,72641.63
LOAN00214,Corporate,377528.0,0.0041,0.0172,9,0.0227,0.45,2,23782.59
LOAN00215,Mortgage,83897.0,0.0057,0.0099,3,0.0422,0.45,1,407.4
LOAN00216,Retail,243292.0,0.0624,0.101,2,0.0469,0.45,1,12052.81
LOAN00217,SME,9470.0,0.0208,0.0794,2,0.0175,0.45,2,685.83
LOAN00218,Consumer,744536.0,0.0083,0.0478,1,0.0185,0.45,2,17139.24
LOAN00219,Corporate,3847713.0,0.0095,0.0526,9,0.0229,0.45,2,636435.1
LOAN00220,SME,69335.0,0.0148,0.0479,2,0.0421,0.45,2,2979.75
LOAN00221,Sovereign,128068.0,0.0264,0.0949,4,0.0397,0.45,2,18446.09
LOAN00222,Retail,30289.0,0.0391,0.0905,7,0.0328,0.45,1,1344.54
LOAN00223,Corporate,157352.0,0.0454,0.2212,3,0.0156,0.45,2,38168.98
LOAN00224,Consumer,145854.0,0.0299,0.0205,2,0.0478,0.45,1,1466.6
LOAN00225,Sovereign,6990.0,0.0001,0.0001,4,0.0302,0.45,1,0.34
LOAN00226,SME,7591.0,0.0672,0.1856,1,0.0312,0.45,1,691.06
LOAN00227,SME,202387.0,0.0047,0.0266,3,0.0143,0.45,2,7467.27
LOAN00228,Retail,187122.0,0.0058,0.0283,2,0.0249,0.45,2,4925.81
LOAN00229,Mortgage,119114.0,0.0056,0.0053,1,0.0137,0.45,1,309.66
LOAN00230,Mortgage,67682.0,0.0114,0.0265,2,0.0458,0.45,1,879.75
LOAN00231,Retail,24449.0,0.0294,0.1641,5,0.046,0.45,2,6035.64
LOAN00232,Consumer,471300.0,0.0047,0.0236,2,0.022,0.45,2,10418.27
LOAN00233,Consumer,26326.0,0.0185,0.1098,2,0.03,0.45,2,2542.41
LOAN00234,SME,7245.0,0.0493,0.1577,6,0.0321,0.45,2,1976.04
LOAN00235,Mortgage,98744.0,0.0009,0.0009,3,0.0252,0.45,1,43.59
LOAN00236,Sovereign,14514.0,0.0134,0.0395,5,0.0141,0.45,1,281.21
LOAN00237,Retail,18245.0,0.0105,0.0257,2,0.0339,0.45,1,229.99
LOAN00238,SME,1950403.0,0.0001,0.0004,4,0.0329,0.45,2,1411.65
LOAN00239,Corporate,568745.0,0.0037,0.0053,5,0.0268,0.45,1,1478.54
LOAN00240,Mortgage,1114217.0,0.0154,0.0399,6,0.0276,0.45,1,21806.29
LOAN00241,Mortgage,1397643.0,0.0027,0.0157,5,0.0394,0.45,2,46343.58
LOAN00242,Sovereign,148590.0,0.0144,0.0383,2,0.0473,0.45,1,2791.43
LOAN00243,Corporate,298986.0,0.0079,0.0385,7,0.0369,0.45,2,30222.49
LOAN00244,Corporate,397171.0,0.0037,0.0034,10,0.0292,0.45,1,662.36
LOAN00245,Mortgage,200480.0,0.0064,0.0354,2,0.0408,0.45,2,6425.89
LOAN00246,Sovereign,493232.0,0.0027,0.011,6,0.0486,0.45,2,13165.69
LOAN00247,Mortgage,10394.0,0.0012,0.0051,4,0.0278,0.45,2,96.31
LOAN00248,Mortgage,122506.0,0.0074,0.7629,6,0.0282,0.45,3,53107.62
LOAN00249,Corporate,182942.0,0.0058,0.005,1,0.0424,0.45,1,448.67
LOAN00250,Retail,5844.0,0.0051,0.0233,9,0.017,0.45,2,498.49
LOAN00251,Corporate,49197.0,0.0067,0.0102,7,0.0258,0.45,1,246.13
LOAN00252,Sovereign,347768.0,0.0039,0.0064,2,0.0331,0.45,1,1091.71
LOAN00253,Consumer,18190.0,0.0083,0.0282,6,0.0339,0.45,2,1244.27
LOAN00254,Consumer,75266.0,0.0019,0.008,5,0.0467,0.45,2,1267.75
LOAN00255,Consumer,8978.0,0.0027,0.0116,9,0.0255,0.45,2,385.9
LOAN00256,Consumer,12959.0,0.0071,0.0287,3,0.0322,0.45,2,497.26
LOAN00257,Mortgage,36768.0,0.003,0.0172,8,0.0155,0.45,2,2165.14
LOAN00258,Mortgage,3894549.0,0.0094,0.0481,8,0.0167,0.45,2,566649.71
LOAN00259,Consumer,6188.0,0.0218,0.0311,8,0.0326,0.45,1,94.39
LOAN00260,Mortgage,222919.0,0.0014,0.0035,1,0.0404,0.45,1,382.7
LOAN00261,Mortgage,217785.0,0.0444,0.0949,1,0.028,0.45,1,10137.56
LOAN00262,SME,1930051.0,0.0021,0.0035,10,0.0376,0.45,1,3313.41
LOAN00263,Sovereign,338653.0,0.0069,0.034,10,0.024,0.45,2,42092.31
LOAN00264,SME,308704.0,0.0035,0.0044,7,0.0468,0.45,1,666.24
LOAN00265,SME,1995780.0,0.0027,0.0137,7,0.0296,0.45,2,79944.55
LOAN00266,Consumer,394617.0,0.0241,0.114,7,0.0306,0.45,2,95255.93
LOAN00267,SME,606849.0,0.0281,0.1483,2,0.0392,0.45,2,76307.03
LOAN00268,Mortgage,401320.0,0.02,0.0412,9,0.0331,0.45,1,8110.11
LOAN00269,Consumer,1804004.0,0.0174,0.0103,3,0.0277,0.45,1,9114.1
LOAN00270,Retail,4725902.0,0.031,0.1288,3,0.0121,0.45,2,751445.41
LOAN00271,Sovereign,41257.0,0.0142,0.0072,8,0.0131,0.45,1,145.7
LOAN00272,Consumer,23852.0,0.0132,0.0783,7,0.0378,0.45,2,4309.38
LOAN00273,Mortgage,8155.0,0.0012,0.0015,3,0.0127,0.45,1,6.0
LOAN00274,Consumer,5301.0,0.0122,0.0163,7,0.0346,0.45,1,42.38
LOAN00275,Mortgage,1900454.0,0.001,0.0026,7,0.0226,0.45,1,2423.65
LOAN00276,Corporate,27690.0,0.0135,0.0279,1,0.0439,0.45,1,378.94
LOAN00277,Sovereign,2120564.0,0.0052,0.0211,4,0.0298,0.45,2,78738.5
LOAN00278,Retail,26437.0,0.0165,0.0434,10,0.0268,0.45,1,562.78
LOAN00279,Consumer,559494.0,0.0308,0.0221,1,0.0479,0.45,1,6064.94
LOAN00280,Mortgage,165501.0,0.0011,0.0024,9,0.0468,0.45,1,194.83
LOAN00281,Corporate,203301.0,0.0057,0.9449,7,0.0392,0.45,3,87638.38
LOAN00282,Corporate,7459.0,0.0013,0.0029,3,0.0148,0.45,1,10.61
LOAN00283,Sovereign,12900.0,0.0001,0.0005,5,0.0167,0.45,2,15.04
LOAN00284,Corporate,887767.0,0.0402,0.0942,7,0.0209,0.45,1,41019.36
LOAN00285,Retail,30748.0,0.0487,0.0392,10,0.0167,0.45,1,591.21
LOAN00286,Corporate,29128.0,0.0013,0.0043,1,0.0443,0.45,2,58.83
LOAN00287,Retail,27078.0,0.0149,0.0777,9,0.0421,0.45,2,5521.55
LOAN00288,Sovereign,833618.0,0.0096,0.0191,2,0.0329,0.45,1,7809.79
LOAN00289,Retail,160358.0,0.0235,0.1351,2,0.0451,0.45,2,18369.0
LOAN00290,SME,1046049.0,0.0064,0.0135,5,0.0396,0.45,1,6926.68
LOAN00291,Corporate,123239.0,0.0114,0.0211,1,0.0473,0.45,1,1275.47
LOAN00292,Retail,25001.0,0.0001,0.0001,9,0.0493,0.45,1,1.23
LOAN00293,Mortgage,149643.0,0.0098,0.0329,6,0.0283,0.45,2,12001.79
LOAN00294,Sovereign,8988.0,0.0014,0.0081,4,0.0217,0.45,2,133.55
LOAN00295,SME,2999824.0,0.0086,0.0107,10,0.0144,0.45,1,15744.12
LOAN00296,Retail,15563.0,0.0098,0.0161,5,0.0285,0.45,1,122.9
LOAN00297,Retail,9337.0,0.0175,0.0294,6,0.0159,0.45,1,134.65
LOAN00298,Sovereign,27773.0,0.0062,0.0369,1,0.0481,0.45,2,479.61
LOAN00299,Mortgage,232718.0,0.0195,0.0228,1,0.0432,0.45,1,2602.58
LOAN00300,Corporate,12334.0,0.02,0.0741,5,0.0467,0.45,2,1664.14
LOAN00301,Retail,5812.0,0.0009,0.0049,6,0.0149,0.45,2,78.5
LOAN00302,Mortgage,7093.0,0.0288,0.075,7,0.0169,0.45,1,260.93
LOAN00303,Corporate,2653888.0,0.0079,0.0308,5,0.03,0.45,2,171325.9
LOAN00304,Consumer,136792.0,0.0014,0.0068,4,0.0352,0.45,2,1655.89
LOAN00305,Consumer,1212017.0,0.0075,0.0245,7,0.0208,0.45,2,86544.09
LOAN00306,Retail,45248.0,0.0145,0.0849,2,0.0199,0.45,2,3480.22
LOAN00307,Corporate,31517.0,0.0377,0.0643,7,0.0242,0.45,1,994.02
LOAN00308,Corporate,16876.0,0.0003,0.0018,8,0.0317,0.45,2,103.12
LOAN00309,Corporate,148005.0,0.0018,0.0009,10,0.0181,0.45,1,65.33
LOAN00310,Corporate,52631.0,0.0046,0.0059,2,0.0439,0.45,1,152.31
LOAN00311,SME,3807555.0,0.01,0.0137,7,0.0417,0.45,1,25586.2
LOAN00312,Mortgage,443109.0,0.0179,0.0392,5,0.0151,0.45,1,8519.92
LOAN00313,Sovereign,5062.0,0.0236,0.0531,10,0.0188,0.45,1,131.84
LOAN00314,Consumer,10263.0,0.0184,0.0415,2,0.0429,0.45,1,208.91
LOAN00315,Sovereign,413312.0,0.0353,0.0308,5,0.0415,0.45,1,6244.07
LOAN00316,Sovereign,5044.0,0.0104,0.0326,10,0.036,0.45,2,571.26
LOAN00317,Sovereign,23752.0,0.0005,0.0012,7,0.0164,0.45,1,13.98
LOAN00318,Retail,218830.0,0.0284,0.0896,1,0.0273,0.45,2,9361.74
LOAN00319,Sovereign,15630.0,0.0443,0.6326,9,0.0389,0.45,3,6634.15
LOAN00320,Sovereign,208615.0,0.0242,0.0853,8,0.0161,0.45,2,47012.38
LOAN00321,SME,5133.0,0.0012,0.0012,4,0.0168,0.45,1,3.02
LOAN00322,SME,4267200.0,0.0077,0.0417,5,0.0136,0.45,2,381060.7
LOAN00323,Consumer,72702.0,0.0106,0.0309,5,0.019,0.45,1,1101.9
LOAN00324,SME,246439.0,0.0043,0.0213,7,0.0488,0.45,2,13965.3
LOAN00325,Consumer,24071.0,0.0008,0.0034,8,0.0329,0.45,2,274.74
LOAN00326,Corporate,134201.0,0.0009,0.0049,10,0.0371,0.45,2,2591.8
LOAN00327,Consumer,13845.0,0.0505,0.0371,2,0.0495,0.45,1,251.94
LOAN00328,Mortgage,20171.0,0.0205,0.0922,2,0.0135,0.45,2,1692.96
LOAN00329,Consumer,77809.0,0.0068,0.0328,10,0.0335,0.45,2,8963.7
LOAN00330,Mortgage,10877.0,0.0024,0.0025,2,0.0325,0.45,1,13.34
LOAN00331,Retail,1138169.0,0.0235,0.0729,3,0.021,0.45,2,107643.39
LOAN00332,Corporate,357852.0,0.0172,0.0739,1,0.0398,0.45,2,12474.9
LOAN00333,SME,2455071.0,0.0003,0.001,2,0.0489,0.45,2,2241.35
LOAN00334,Corporate,12651.0,0.0364,0.1016,2,0.0175,0.45,1,630.46
LOAN00335,Corporate,2749593.0,0.0085,0.0069,3,0.0126,0.45,1,9305.86
LOAN00336,Sovereign,165712.0,0.0031,0.0158,4,0.0113,0.45,2,4860.54
LOAN00337,Retail,2838332.0,0.0118,0.0471,2,0.0372,0.45,2,120837.21
LOAN00338,Corporate,65519.0,0.0089,0.0216,3,0.0435,0.45,1,694.16
LOAN00339,SME,882781.0,0.0176,0.0642,4,0.0443,0.45,2,89662.84
LOAN00340,Sovereign,23675.0,0.0037,0.0215,1,0.029,0.45,2,242.63
LOAN00341,Corporate,437607.0,0.0171,0.0373,5,0.027,0.45,1,8006.3
LOAN00342,Mortgage,1793612.0,0.0119,0.0468,10,0.0141,0.45,2,303016.86
LOAN00343,Consumer,4980330.0,0.0056,0.7332,6,0.0445,0.45,3,2111158.88
LOAN00344,SME,464867.0,0.0527,0.096,1,0.0422,0.45,1,21889.65
LOAN00345,Consumer,81520.0,0.0142,0.0302,7,0.0262,0.45,1,1207.57
LOAN00346,Sovereign,6381.0,0.0045,0.0217,6,0.0303,0.45,2,345.96
LOAN00347,Corporate,1662976.0,0.0423,0.0813,9,0.0405,0.45,1,66315.58
LOAN00348,Corporate,3465294.0,0.039,0.2064,7,0.0415,0.45,2,1125532.83
LOAN00349,SME,65165.0,0.0202,0.0806,10,0.0478,0.45,2,14011.68
LOAN00350,Retail,130505.0,0.003,0.0083,3,0.0155,0.45,1,531.31
LOAN00351,Corporate,53330.0,0.0802,0.4753,6,0.0354,0.45,2,21922.0
LOAN00352,Retail,113534.0,0.0036,0.0173,2,0.0152,0.45,2,1864.97
LOAN00353,Mortgage,397587.0,0.0108,0.0062,6,0.0403,0.45,1,1209.1
LOAN00354,Consumer,18650.0,0.0055,0.0144,10,0.0222,0.45,1,131.73
LOAN00355,Retail,1480817.0,0.0047,0.0111,3,0.0237,0.45,1,8062.38
LOAN00356,Mortgage,59802.0,0.0422,0.8443,1,0.0336,0.45,3,21879.48
LOAN00357,Corporate,11707.0,0.006,0.0226,1,0.0365,0.45,2,125.21
LOAN00358,Sovereign,1611870.0,0.0007,0.6402,3,0.0182,0.45,3,670233.91
LOAN00359,Sovereign,388959.0,0.0051,0.0195,3,0.0268,0.45,2,10354.46
LOAN00360,Retail,171286.0,0.0106,0.0408,5,0.0433,0.45,2,13812.36
LOAN00361,Corporate,59256.0,0.0083,0.0356,8,0.0232,0.45,2,6516.16
LOAN00362,Retail,5460.0,0.0012,0.0069,9,0.013,0.45,2,151.19
LOAN00363,Sovereign,10065.0,0.0051,0.0075,1,0.0441,0.45,1,37.03
LOAN00364,SME,1269867.0,0.0029,0.012,3,0.0231,0.45,2,21133.03
LOAN00365,Mortgage,3666379.0,0.0058,0.0065,7,0.0485,0.45,1,11689.33
LOAN00366,SME,1607292.0,0.0023,0.0118,2,0.0266,0.45,2,17767.73
LOAN00367,Consumer,140279.0,0.0116,0.0448,3,0.0293,0.45,2,8293.31
LOAN00368,Mortgage,10908.0,0.0109,0.0477,9,0.0407,0.45,2,1547.46
LOAN00369,Consumer,741806.0,0.0233,0.0671,4,0.0293,0.45,1,24414.73
LOAN00370,Sovereign,534388.0,0.0011,0.0057,3,0.013,0.45,2,4339.52
LOAN00371,Mortgage,45800.0,0.0067,0.0173,4,0.0132,0.45,1,388.64
LOAN00372,Mortgage,1266933.0,0.0096,0.0102,7,0.0114,0.45,1,6338.59
LOAN00373,Consumer,5005.0,0.0012,0.004,4,0.0362,0.45,2,35.72
LOAN00374,Mortgage,3548423.0,0.0099,0.5389,10,0.034,0.45,3,1503216.4
LOAN00375,Sovereign,468243.0,0.0131,0.0311,5,0.0319,0.45,1,7142.84
LOAN00376,SME,638643.0,0.0009,0.004,2,0.0202,0.45,2,2426.5
LOAN00377,Corporate,18264.0,0.037,0.1644,2,0.0403,0.45,2,2516.55
LOAN00378,Retail,3011962.0,0.0183,0.0754,9,0.0154,0.45,2,671092.87
LOAN00379,Mortgage,5152.0,0.0053,0.0292,10,0.0169,0.45,2,582.82
LOAN00380,Corporate,10224.0,0.0074,0.0199,6,0.0488,0.45,1,99.8
LOAN00381,Mortgage,1298256.0,0.0014,0.0072,9,0.0444,0.45,2,32399.66
LOAN00382,Sovereign,811756.0,0.0164,0.0701,3,0.0493,0.45,2,70277.44
LOAN00383,Sovereign,4212195.0,0.0028,0.0131,9,0.0292,0.45,2,199699.15
LOAN00384,Consumer,3365045.0,0.0202,0.0115,2,0.011,0.45,1,18981.38
LOAN00385,Corporate,7213.0,0.0006,0.0026,3,0.0436,0.45,2,25.28
LOAN00386,Sovereign,1127307.0,0.0042,0.0163,9,0.0446,0.45,2,61220.9
LOAN00387,Sovereign,436845.0,0.006,0.0259,1,0.0471,0.45,2,5300.03
LOAN00388,Mortgage,88852.0,0.0155,0.0818,8,0.0432,0.45,2,17575.85
LOAN00389,Sovereign,649915.0,0.0221,0.094,3,0.0485,0.45,2,73504.5
LOAN00390,Sovereign,173984.0,0.0075,0.0278,5,0.0102,0.45,2,10796.17
LOAN00391,Mortgage,673035.0,0.0031,0.0174,10,0.0437,0.45,2,42109.19
LOAN00392,SME,148123.0,0.0097,0.0166,3,0.0308,0.45,1,1206.06
LOAN00393,Consumer,15034.0,0.0138,0.0572,6,0.0244,0.45,2,1985.0
LOAN00394,Corporate,3547274.0,0.017,0.0686,10,0.0198,0.45,2,772972.23
LOAN00395,Retail,557987.0,0.0378,0.2084,6,0.0306,0.45,2,178029.47
LOAN00396,Consumer,108552.0,0.0008,0.0046,3,0.0489,0.45,2,664.92
LOAN00397,Consumer,198878.0,0.0128,0.0547,2,0.0182,0.45,2,10060.25
LOAN00398,Sovereign,2162129.0,0.0184,0.0817,1,0.0135,0.45,2,85490.7
LOAN00399,Retail,17098.0,0.0034,0.0093,8,0.0352,0.45,1,78.0
LOAN00400,Mortgage,44481.0,0.0242,0.0205,10,0.0118,0.45,1,447.27
LOAN00401,Retail,59165.0,0.0093,0.019,8,0.0253,0.45,1,551.39
LOAN00402,Sovereign,6186.0,0.0021,0.0109,5,0.0484,0.45,2,140.4
LOAN00403,Corporate,39186.0,0.048,0.128,9,0.0479,0.45,1,2460.25
LOAN00404,SME,21336.0,0.0334,0.0631,2,0.0173,0.45,1,660.36
LOAN00405,Consumer,1801869.0,0.0619,0.0539,2,0.0179,0.45,1,47637.72
LOAN00406,Consumer,144724.0,0.0058,0.0227,4,0.0227,0.45,2,5863.41
LOAN00407,Mortgage,48306.0,0.0019,0.0027,6,0.0198,0.45,1,63.97
LOAN00408,Corporate,684805.0,0.0166,0.0386,8,0.0285,0.45,1,12965.62
LOAN00409,SME,1055044.0,0.0093,0.019,3,0.0457,0.45,1,9832.48
LOAN00410,Corporate,30808.0,0.0288,0.1066,7,0.0408,0.45,2,6881.21
LOAN00411,Corporate,2617464.0,0.0635,0.1097,10,0.0393,0.45,1,140840.11
LOAN00412,SME,12607.0,0.0124,0.0225,10,0.0374,0.45,1,139.14
LOAN00413,Consumer,13185.0,0.0026,0.0034,8,0.0476,0.45,1,21.99
LOAN00414,Retail,22668.0,0.012,0.0196,6,0.0255,0.45,1,217.93
LOAN00415,Mortgage,2206103.0,0.0008,0.0032,5,0.0434,0.45,2,15160.84
LOAN00416,SME,272185.0,0.0142,0.0773,2,0.0307,0.45,2,18854.26
LOAN00417,Mortgage,4139923.0,0.003,0.0146,10,0.0103,0.45,2,260308.06
LOAN00418,Corporate,104391.0,0.0053,0.0072,10,0.0387,0.45,1,368.67
LOAN00419,Retail,481170.0,0.0137,0.0429,10,0.0164,0.45,2,75063.12
LOAN00420,Mortgage,5838.0,0.0008,0.0006,10,0.0159,0.45,1,1.72
LOAN00421,Corporate,29767.0,0.0002,0.0002,8,0.0343,0.45,1,2.92
LOAN00422,Mortgage,1999296.0,0.0027,0.0135,3,0.0349,0.45,2,36531.81
LOAN00423,Consumer,31083.0,0.0176,0.031,7,0.0153,0.45,1,472.63
LOAN00424,Retail,20230.0,0.0275,0.0283,8,0.0461,0.45,1,280.81
LOAN00425,Consumer,6547.0,0.0286,0.0348,10,0.0316,0.45,1,111.75
LOAN00426,Retail,2454013.0,0.018,0.0133,9,0.0272,0.45,1,16009.12
LOAN00427,Mortgage,1168521.0,0.0063,0.0273,2,0.027,0.45,2,29600.45
LOAN00428,SME,135018.0,0.0071,0.0261,2,0.0308,0.45,2,3254.26
LOAN00429,Mortgage,459841.0,0.0179,0.0731,5,0.0205,0.45,2,65783.84
LOAN00430,Consumer,93251.0,0.0064,0.0177,9,0.0293,0.45,1,809.59
LOAN00431,SME,237821.0,0.0109,0.0624,2,0.0186,0.45,2,13652.88
LOAN00432,Mortgage,1140810.0,0.0173,0.0457,1,0.0422,0.45,1,25572.23
LOAN00433,Corporate,130009.0,0.0169,0.0651,7,0.0472,0.45,2,19714.99
LOAN00434,Mortgage,347429.0,0.0231,0.095,9,0.0214,0.45,2,87939.11
LOAN00435,Retail,1124212.0,0.0092,0.0385,7,0.0334,0.45,2,115062.51
LOAN00436,Consumer,5559.0,0.0098,0.032,6,0.0479,0.45,2,408.61
LOAN00437,Consumer,3707644.0,0.0261,0.1517,10,0.0293,0.45,2,1217144.76
LOAN00438,Corporate,936245.0,0.0446,0.029,2,0.0203,0.45,1,13317.62
LOAN00439,Mortgage,398066.0,0.0762,0.4385,9,0.0314,0.45,2,166429.94
LOAN00440,Sovereign,1568560.0,0.004,0.0037,3,0.0291,0.45,1,2846.7
LOAN00441,SME,22629.0,0.0102,0.0158,4,0.0194,0.45,1,175.37
LOAN00442,Corporate,2075857.0,0.0048,0.0065,2,0.0148,0.45,1,6618.35
LOAN00443,Retail,532606.0,0.0005,0.003,10,0.0448,0.45,2,6118.77
LOAN00444,Mortgage,17684.0,0.0022,0.0015,6,0.0257,0.45,1,13.01
LOAN00445,Sovereign,1063363.0,0.0097,0.0053,4,0.0252,0.45,1,2764.37
LOAN00446,Retail,47345.0,0.0134,0.0414,10,0.0237,0.45,2,6929.39
LOAN00447,Corporate,156776.0,0.0043,0.0088,3,0.0329,0.45,1,676.71
LOAN00448,Consumer,571486.0,0.016,0.0834,4,0.0158,0.45,2,77883.22
LOAN00449,Sovereign,14047.0,0.0207,0.1071,9,0.0314,0.45,2,3677.7
LOAN00450,SME,1134929.0,0.0056,0.0241,1,0.0186,0.45,2,13171.07
LOAN00451,SME,134458.0,0.0166,0.0595,5,0.0238,0.45,2,15995.75
LOAN00452,Mortgage,11552.0,0.0031,0.0149,6,0.023,0.45,2,448.9
LOAN00453,Consumer,145027.0,0.007,0.01,6,0.0269,0.45,1,711.36
LOAN00454,Consumer,259347.0,0.0341,0.0765,5,0.0384,0.45,1,9731.54
LOAN00455,Consumer,429440.0,0.0035,0.013,8,0.0266,0.45,2,18540.67
LOAN00456,Corporate,1826440.0,0.0026,0.012,4,0.0167,0.45,2,40421.51
LOAN00457,Retail,9674.0,0.0611,0.2066,2,0.0142,0.45,2,1690.81
LOAN00458,Consumer,14614.0,0.0076,0.0093,3,0.0111,0.45,1,66.66
LOAN00459,Sovereign,58815.0,0.034,0.1918,9,0.0278,0.45,2,20706.28
LOAN00460,Sovereign,207411.0,0.0105,0.0304,9,0.0224,0.45,1,3092.75
LOAN00461,SME,139291.0,0.0051,0.0069,1,0.01,0.45,1,471.43
LOAN00462,Corporate,53780.0,0.0059,0.0184,1,0.0406,0.45,2,466.44
LOAN00463,SME,309016.0,0.0269,0.0781,4,0.0165,0.45,1,11837.8
LOAN00464,Sovereign,433453.0,0.0367,0.1226,10,0.0423,0.45,2,122358.03
LOAN00465,Sovereign,32701.0,0.0093,0.0103,8,0.0347,0.45,1,165.21
LOAN00466,SME,631521.0,0.0156,0.0097,2,0.0213,0.45,1,3004.68
LOAN00467,Corporate,699129.0,0.0242,0.0576,5,0.0414,0.45,1,19752.35
LOAN00468,Mortgage,4930152.0,0.0415,0.2128,7,0.0431,0.45,2,1615950.85
LOAN00469,Retail,4195324.0,0.0134,0.0558,4,0.0289,0.45,2,389109.48
LOAN00470,Sovereign,3824826.0,0.0307,0.1081,2,0.0201,0.45,2,369209.74
LOAN00471,Sovereign,39392.0,0.0064,0.0115,7,0.023,0.45,1,222.2
LOAN00472,Corporate,1208206.0,0.0168,0.0621,8,0.0375,0.45,2,198679.75
LOAN00473,Corporate,65037.0,0.0023,0.0129,1,0.0124,0.45,2,406.48
LOAN00474,Sovereign,14478.0,0.012,0.0429,6,0.0422,0.45,2,1409.95
LOAN00475,Mortgage,791655.0,0.0002,0.0001,8,0.0324,0.45,1,38.83
LOAN00476,Consumer,616713.0,0.0039,0.0079,10,0.0466,0.45,1,2389.73
LOAN00477,Consumer,15135.0,0.0085,0.0255,9,0.0252,0.45,1,189.3
LOAN00478,Corporate,2227240.0,0.0127,0.0108,9,0.0428,0.45,1,11798.58
LOAN00479,Corporate,186715.0,0.0099,0.0398,2,0.0139,0.45,2,6976.8
LOAN00480,Sovereign,7925.0,0.0236,0.0859,7,0.0363,0.45,2,1541.92
LOAN00481,Consumer,372290.0,0.0174,0.01,4,0.0362,0.45,1,1826.08
LOAN00482,Retail,126808.0,0.0116,0.0582,1,0.0429,0.45,2,3471.09
LOAN00483,SME,193211.0,0.0011,0.0019,7,0.0176,0.45,1,180.06
LOAN00484,Consumer,467304.0,0.0015,0.0062,9,0.0499,0.45,2,9842.34
LOAN00485,Mortgage,3158856.0,0.0334,0.1685,6,0.0343,0.45,2,890455.89
LOAN00486,Consumer,216694.0,0.0061,0.0182,7,0.01,0.45,1,1934.45
LOAN00487,Retail,4444668.0,0.0711,0.3702,1,0.0409,0.45,2,775364.2
LOAN00488,Sovereign,1465488.0,0.032,0.0326,8,0.0242,0.45,1,23433.59
LOAN00489,Corporate,31184.0,0.0361,0.1313,10,0.0467,0.45,2,8966.56
LOAN00490,Sovereign,8522.0,0.0066,0.0288,2,0.0338,0.45,2,225.32
LOAN00491,SME,6472.0,0.0161,0.0377,7,0.0267,0.45,1,119.68
LOAN00492,Retail,2033899.0,0.0039,0.0186,7,0.0122,0.45,2,116172.02
LOAN00493,Consumer,6645.0,0.012,0.0093,7,0.0488,0.45,1,30.31
LOAN00494,Consumer,265909.0,0.001,0.0023,8,0.0329,0.45,1,299.99
LOAN00495,Retail,220509.0,0.0054,0.0253,8,0.0324,0.45,2,17261.42
LOAN00496,Mortgage,76723.0,0.082,0.235,10,0.0136,0.45,1,8843.67
LOAN00497,Sovereign,87039.0,0.0087,0.0412,3,0.0495,0.45,2,4576.0
LOAN00498,Consumer,1457881.0,0.0215,0.0384,6,0.0162,0.45,1,27459.48
LOAN00499,Sovereign,1808266.0,0.0009,0.0048,5,0.0105,0.45,2,20405.97
LOAN00500,Sovereign,1293636.0,0.0071,0.0118,9,0.0309,0.45,1,7487.44
